Architecture,Seed,Accuracy,Macro_F1,Weighted_F1,RMSE,Params,Epochs_Run
Simple LSTM,42,0.9651,0.9583,0.9653,0.2449,610819,10
Simple LSTM,123,0.9637,0.957,0.9639,0.2302,610819,12
Simple LSTM,2024,0.9693,0.9631,0.9694,0.2272,610819,9
Stacked BiLSTM,42,0.9456,0.9364,0.9461,0.2893,701443,8
Stacked BiLSTM,123,0.9651,0.9569,0.9653,0.2079,701443,8
Stacked BiLSTM,2024,0.9498,0.9421,0.9499,0.3102,701443,7
CNN + BiLSTM,42,0.9637,0.9561,0.964,0.2302,670531,9
CNN + BiLSTM,123,0.9609,0.9537,0.961,0.2614,670531,7
CNN + BiLSTM,2024,0.9693,0.9611,0.9692,0.1976,670531,10
