Architecture,Seed,Acc_All,MacroF1_All,Acc_Leaked,MacroF1_Leaked,Acc_Clean,MacroF1_Clean
Simple LSTM,42,0.9708,0.9658,0.9967,0.9963,0.9517,0.9371
Simple LSTM,123,0.9708,0.9639,0.9901,0.9888,0.9565,0.9389
Simple LSTM,2024,0.9638,0.9567,0.9737,0.9712,0.9565,0.9429
Stacked BiLSTM,42,0.9708,0.9655,0.9967,0.9963,0.9517,0.9364
Stacked BiLSTM,123,0.968,0.9609,0.9967,0.9963,0.9469,0.9267
Stacked BiLSTM,2024,0.968,0.9624,0.9901,0.9896,0.9517,0.9361
CNN + BiLSTM,42,0.961,0.9532,0.9803,0.9778,0.9469,0.9278
CNN + BiLSTM,123,0.968,0.9633,0.9901,0.9888,0.9517,0.9401
CNN + BiLSTM,2024,0.968,0.9619,0.9901,0.9896,0.9517,0.9355
